<?xml version="1.0" encoding="utf-8"?>
<!DOCTYPE hibernate-mapping PUBLIC "-//Hibernate/Hibernate Mapping DTD 3.0//EN"
"http://www.hibernate.org/dtd/hibernate-mapping-3.0.dtd">
<!-- 
    Mapping file autogenerated by MyEclipse Persistence Tools
-->
<hibernate-mapping>
    <class name="com.oacal.model.OacalUser" table="oacal_user" catalog="oacal">
        <id name="userId" type="java.lang.Integer">
            <column name="userID" />
            <generator class="native"></generator>
        </id>
        <property name="loginId" type="java.lang.String">
            <column name="loginID" length="45" not-null="true" unique="true" />
        </property>
        <property name="password" type="java.lang.String">
            <column name="password" length="45" not-null="true" />
        </property>
        <property name="email" type="java.lang.String">
            <column name="email" length="80" />
        </property>
        <property name="userName" type="java.lang.String">
            <column name="userName" length="45" />
        </property>
        <property name="gender" type="java.lang.String">
            <column name="gender" length="1" />
        </property>
        <property name="birthTime" type="java.sql.Timestamp">
            <column name="birthTime" length="19" />
        </property>
        <property name="registerTime" type="java.sql.Timestamp">
            <column name="registerTime" length="19" />
        </property>
        <property name="phoneNumber" type="java.lang.String">
            <column name="phoneNumber" length="45" />
        </property>
        <property name="fetion" type="java.lang.String">
            <column name="fetion" length="45" />
        </property>
        <property name="signature" type="java.lang.String">
            <column name="signature" length="140" />
        </property>
        <property name="isAccountActivated" type="java.lang.Boolean">
            <column name="isAccountActivated" not-null="true" />
        </property>
        <property name="isOrganization" type="java.lang.Boolean">
            <column name="isOrganization" not-null="true" />
        </property>
        <property name="isCertifiedOrg" type="java.lang.Boolean">
            <column name="isCertifiedOrg" not-null="true" />
        </property>
    </class>
</hibernate-mapping>
