<?xml version="1.0" encoding="utf-8"?>
<!DOCTYPE hibernate-mapping PUBLIC "-//Hibernate/Hibernate Mapping DTD 3.0//EN"
"http://www.hibernate.org/dtd/hibernate-mapping-3.0.dtd">
<!-- 
    Mapping file autogenerated by MyEclipse Persistence Tools
-->
<hibernate-mapping>
    <class name="com.oacal.model.OacalUserEdu" table="oacal_user_edu" catalog="oacal">
        <id name="eduId" type="java.lang.Integer">
            <column name="eduID" />
            <generator class="native"></generator>
        </id>
        <property name="userId" type="java.lang.Integer">
            <column name="userID" not-null="true" />
        </property>
        <property name="universityId" type="java.lang.Integer">
            <column name="universityID" not-null="true" />
        </property>
        <property name="schoolId" type="java.lang.Integer">
            <column name="schoolID" />
        </property>
        <property name="enterDate" type="java.sql.Timestamp">
            <column name="enterDate" length="19" />
        </property>
    </class>
</hibernate-mapping>
