<?xml version="1.0" encoding="utf-8"?>
<!DOCTYPE hibernate-mapping PUBLIC "-//Hibernate/Hibernate Mapping DTD 3.0//EN"
"http://www.hibernate.org/dtd/hibernate-mapping-3.0.dtd">
<!-- 
    Mapping file autogenerated by MyEclipse Persistence Tools
-->
<hibernate-mapping>
    <class name="com.oacal.model.OacalUserInfo" table="oacal_user_info" catalog="oacal">
        <id name="infoId" type="java.lang.Integer">
            <column name="infoID" />
            <generator class="native"></generator>
        </id>
        <property name="userId" type="java.lang.Integer">
            <column name="userID" not-null="true" />
        </property>
        <property name="grade" type="java.lang.Integer">
            <column name="grade" />
        </property>
        <property name="score" type="java.lang.Integer">
            <column name="score" />
        </property>
        <property name="money" type="java.lang.Integer">
            <column name="money" />
        </property>
        <property name="daySeries" type="java.lang.Integer">
            <column name="daySeries" />
        </property>
        <property name="lastLoginTime" type="java.sql.Timestamp">
            <column name="lastLoginTime" length="19" />
        </property>
        <property name="lastLoginIp" type="java.lang.String">
            <column name="lastLoginIP" length="15" />
        </property>
        <property name="loginCount" type="java.lang.Integer">
            <column name="loginCount" />
        </property>
        <property name="status" type="java.lang.String">
            <column name="status" length="5" />
        </property>
    </class>
</hibernate-mapping>
