<?xml version="1.0" encoding="utf-8"?>
<!DOCTYPE hibernate-mapping PUBLIC "-//Hibernate/Hibernate Mapping DTD 3.0//EN"
"http://www.hibernate.org/dtd/hibernate-mapping-3.0.dtd">
<!-- 
    Mapping file autogenerated by MyEclipse Persistence Tools
-->
<hibernate-mapping>
    <class name="com.oacal.model.OacalActivities" table="oacal_activities" catalog="oacal">
        <id name="activityId" type="java.lang.Integer">
            <column name="activityID" />
            <generator class="native"></generator>
        </id>
        <property name="userId" type="java.lang.Integer">
            <column name="userID" not-null="true" />
        </property>
        <property name="activityLocationId" type="java.lang.Integer">
            <column name="activityLocationID" />
        </property>
        <property name="title" type="java.lang.String">
            <column name="title" length="140" />
        </property>
        <property name="atag" type="java.lang.String">
            <column name="atag" length="45" />
        </property>
        <property name="capacity" type="java.lang.Integer">
            <column name="capacity" />
        </property>
        <property name="publishTime" type="java.sql.Timestamp">
            <column name="publishTime" length="19" />
        </property>
        <property name="startTime" type="java.sql.Timestamp">
            <column name="startTime" length="19" />
        </property>
        <property name="endTime" type="java.sql.Timestamp">
            <column name="endTime" length="19" />
        </property>
        <property name="privacyType" type="java.lang.Integer">
            <column name="privacyType" />
        </property>
        <property name="grantedLoginIdlist" type="java.lang.String">
            <column name="grantedLoginIDList" length="1000" />
        </property>
        <property name="description" type="java.lang.String">
            <column name="description" length="10000" />
        </property>
        <property name="privacyTypeAttend" type="java.lang.Integer">
            <column name="privacyTypeAttend" />
        </property>
        <property name="grantedLoginIdlistAttend" type="java.lang.String">
            <column name="grantedLoginIDListAttend" length="1000" />
        </property>
    </class>
</hibernate-mapping>
