<?xml version="1.0" encoding="utf-8"?>
<!DOCTYPE hibernate-mapping PUBLIC "-//Hibernate/Hibernate Mapping DTD 3.0//EN"
"http://www.hibernate.org/dtd/hibernate-mapping-3.0.dtd">
<!-- 
    Mapping file autogenerated by MyEclipse Persistence Tools
-->
<hibernate-mapping>
    <class name="com.oacal.model.OacalMood" table="oacal_mood" catalog="oacal">
        <id name="moodId" type="java.lang.Integer">
            <column name="moodID" />
            <generator class="native"></generator>
        </id>
        <property name="userId" type="java.lang.Integer">
            <column name="userID" not-null="true" />
        </property>
        <property name="moodContent" type="java.lang.String">
            <column name="moodContent" length="200" />
        </property>
        <property name="publishTime" type="java.sql.Timestamp">
            <column name="publishTime" length="19" />
        </property>
    </class>
</hibernate-mapping>
