<?xml version="1.0" encoding="utf-8"?>
<!DOCTYPE hibernate-mapping PUBLIC "-//Hibernate/Hibernate Mapping DTD 3.0//EN"
"http://www.hibernate.org/dtd/hibernate-mapping-3.0.dtd">
<!-- 
    Mapping file autogenerated by MyEclipse Persistence Tools
-->
<hibernate-mapping>
    <class name="com.oacal.model.OacalAttend" table="oacal_attend" catalog="oacal">
        <id name="attendId" type="java.lang.Integer">
            <column name="attendID" />
            <generator class="native"></generator>
        </id>
        <property name="activityId" type="java.lang.Integer">
            <column name="activityID" not-null="true" />
        </property>
        <property name="userId" type="java.lang.Integer">
            <column name="userID" not-null="true" />
        </property>
        <property name="registerTime" type="java.sql.Timestamp">
            <column name="registerTime" length="19" />
        </property>
        <property name="privacyType" type="java.lang.Integer">
            <column name="privacyType" />
        </property>
        <property name="grantedLoginIdlist" type="java.lang.String">
            <column name="grantedLoginIDList" length="1000" />
        </property>
    </class>
</hibernate-mapping>
