<?xml version="1.0" encoding="utf-8"?>
<!DOCTYPE hibernate-mapping PUBLIC "-//Hibernate/Hibernate Mapping DTD 3.0//EN"
"http://www.hibernate.org/dtd/hibernate-mapping-3.0.dtd">
<!-- 
    Mapping file autogenerated by MyEclipse Persistence Tools
-->
<hibernate-mapping>
    <class name="com.oacal.model.OacalCare" table="oacal_care" catalog="oacal">
        <id name="careId" type="java.lang.Integer">
            <column name="careID" />
            <generator class="native"></generator>
        </id>
        <property name="userId" type="java.lang.Integer">
            <column name="userID" not-null="true" />
        </property>
        <property name="caredId" type="java.lang.Integer">
            <column name="caredID" not-null="true" />
        </property>
        <property name="dateTime" type="java.sql.Timestamp">
            <column name="dateTime" length="19" />
        </property>
        <property name="friendGroupId" type="java.lang.Integer">
            <column name="friendGroupID" />
        </property>
        <property name="remarkName" type="java.lang.String">
            <column name="remarkName" length="45" />
        </property>
        <property name="doDisplay" type="java.lang.Boolean">
            <column name="doDisplay" not-null="true" />
        </property>
    </class>
</hibernate-mapping>
