<?xml version="1.0" encoding="utf-8"?>
<!DOCTYPE hibernate-mapping PUBLIC "-//Hibernate/Hibernate Mapping DTD 3.0//EN"
"http://www.hibernate.org/dtd/hibernate-mapping-3.0.dtd">
<!-- 
    Mapping file autogenerated by MyEclipse Persistence Tools
-->
<hibernate-mapping>
    <class name="com.oacal.model.OacalVisit" table="oacal_visit" catalog="oacal">
        <id name="visitId" type="java.lang.Integer">
            <column name="visitID" />
            <generator class="native"></generator>
        </id>
        <property name="userId" type="java.lang.Integer">
            <column name="userID" not-null="true" />
        </property>
        <property name="visitedId" type="java.lang.Integer">
            <column name="visitedID" not-null="true" />
        </property>
        <property name="visitTime" type="java.sql.Timestamp">
            <column name="visitTime" length="19" />
        </property>
    </class>
</hibernate-mapping>
