<?xml version="1.0" encoding="utf-8"?>
<!DOCTYPE hibernate-mapping PUBLIC "-//Hibernate/Hibernate Mapping DTD 3.0//EN"
"http://www.hibernate.org/dtd/hibernate-mapping-3.0.dtd">
<!-- 
    Mapping file autogenerated by MyEclipse Persistence Tools
-->
<hibernate-mapping>
    <class name="com.oacal.model.OacalFriendGroup" table="oacal_friend_group" catalog="oacal">
        <id name="groupId" type="java.lang.Integer">
            <column name="groupID" />
            <generator class="native"></generator>
        </id>
        <property name="creatorId" type="java.lang.Integer">
            <column name="creatorID" not-null="true" />
        </property>
        <property name="groupName" type="java.lang.String">
            <column name="groupName" length="45" not-null="true" />
        </property>
        <property name="createdTime" type="java.sql.Timestamp">
            <column name="createdTime" length="19" />
        </property>
    </class>
</hibernate-mapping>
