<?xml version="1.0" encoding="utf-8"?>
<!DOCTYPE hibernate-mapping PUBLIC "-//Hibernate/Hibernate Mapping DTD 3.0//EN"
"http://www.hibernate.org/dtd/hibernate-mapping-3.0.dtd">
<!-- 
    Mapping file autogenerated by MyEclipse Persistence Tools
-->
<hibernate-mapping>
    <class name="com.oacal.model.OacalUniversity" table="oacal_university" catalog="oacal">
        <id name="universityId" type="java.lang.Integer">
            <column name="universityID" />
            <generator class="native"></generator>
        </id>
        <property name="universityLocationId" type="java.lang.Integer">
            <column name="universityLocationID" />
        </property>
        <property name="universityName" type="java.lang.String">
            <column name="universityName" length="45" not-null="true" />
        </property>
        <property name="description" type="java.lang.String">
            <column name="description" length="140" />
        </property>
    </class>
</hibernate-mapping>
