<?xml version="1.0" encoding="utf-8"?>
<!DOCTYPE hibernate-mapping PUBLIC "-//Hibernate/Hibernate Mapping DTD 3.0//EN"
"http://www.hibernate.org/dtd/hibernate-mapping-3.0.dtd">
<!-- 
    Mapping file autogenerated by MyEclipse Persistence Tools
-->
<hibernate-mapping>
    <class name="com.oacal.model.OacalSchool" table="oacal_school" catalog="oacal">
        <id name="schoolId" type="java.lang.Integer">
            <column name="schoolID" />
            <generator class="native"></generator>
        </id>
        <property name="schoolLocationId" type="java.lang.Integer">
            <column name="schoolLocationID" />
        </property>
        <property name="schoolName" type="java.lang.String">
            <column name="schoolName" length="45" not-null="true" />
        </property>
        <property name="universityId" type="java.lang.Integer">
            <column name="universityID" not-null="true" />
        </property>
        <property name="description" type="java.lang.String">
            <column name="description" length="140" />
        </property>
    </class>
</hibernate-mapping>
