<?xml version="1.0" encoding="utf-8"?>
<!DOCTYPE hibernate-mapping PUBLIC "-//Hibernate/Hibernate Mapping DTD 3.0//EN"
"http://www.hibernate.org/dtd/hibernate-mapping-3.0.dtd">
<!-- 
    Mapping file autogenerated by MyEclipse Persistence Tools
-->
<hibernate-mapping>
    <class name="com.oacal.model.OacalMessage" table="oacal_message" catalog="oacal">
        <id name="messageId" type="java.lang.Integer">
            <column name="messageID" />
            <generator class="native"></generator>
        </id>
        <property name="receiverId" type="java.lang.Integer">
            <column name="receiverID" not-null="true" />
        </property>
        <property name="type" type="java.lang.String">
            <column name="type" length="45" not-null="true" />
        </property>
        <property name="foreignId" type="java.lang.Integer">
            <column name="foreignID" not-null="true" />
        </property>
        <property name="isDealed" type="java.lang.Boolean">
            <column name="isDealed" not-null="true" />
        </property>
        <property name="createdTime" type="java.sql.Timestamp">
            <column name="createdTime" length="19" />
        </property>
        <property name="dealedTime" type="java.sql.Timestamp">
            <column name="dealedTime" length="19" />
        </property>
        <property name="msgDescription" type="java.lang.String">
            <column name="msgDescription" length="80" />
        </property>
    </class>
</hibernate-mapping>
