<?xml version="1.0" encoding="utf-8"?>
<!DOCTYPE hibernate-mapping PUBLIC "-//Hibernate/Hibernate Mapping DTD 3.0//EN"
"http://www.hibernate.org/dtd/hibernate-mapping-3.0.dtd">
<!-- 
    Mapping file autogenerated by MyEclipse Persistence Tools
-->
<hibernate-mapping>
    <class name="com.oacal.model.OacalLocation" table="oacal_location" catalog="oacal">
        <id name="locationId" type="java.lang.Integer">
            <column name="locationID" />
            <generator class="native"></generator>
        </id>
        <property name="locationName" type="java.lang.String">
            <column name="locationName" length="140" not-null="true" />
        </property>
        <property name="latitude" type="java.lang.Double">
            <column name="latitude" precision="22" scale="0" />
        </property>
        <property name="longitude" type="java.lang.Double">
            <column name="longitude" precision="22" scale="0" />
        </property>
    </class>
</hibernate-mapping>
