<?xml version="1.0" encoding="utf-8"?>
<!DOCTYPE hibernate-mapping PUBLIC "-//Hibernate/Hibernate Mapping DTD 3.0//EN"
"http://www.hibernate.org/dtd/hibernate-mapping-3.0.dtd">
<!-- 
    Mapping file autogenerated by MyEclipse Persistence Tools
-->
<hibernate-mapping>
    <class name="com.oacal.model.OacalInvite" table="oacal_invite" catalog="oacal">
        <id name="inviteId" type="java.lang.Integer">
            <column name="inviteID" />
            <generator class="native"></generator>
        </id>
        <property name="userId" type="java.lang.Integer">
            <column name="userID" not-null="true" />
        </property>
        <property name="invitedUserId" type="java.lang.Integer">
            <column name="invitedUserID" not-null="true" />
        </property>
        <property name="activityId" type="java.lang.Integer">
            <column name="activityID" not-null="true" />
        </property>
        <property name="inviteStatus" type="java.lang.String">
            <column name="inviteStatus" length="5" />
        </property>
        <property name="dateTime" type="java.sql.Timestamp">
            <column name="dateTime" length="19" />
        </property>
    </class>
</hibernate-mapping>
