<?xml version="1.0" encoding="utf-8"?>
<!DOCTYPE hibernate-mapping PUBLIC "-//Hibernate/Hibernate Mapping DTD 3.0//EN"
"http://www.hibernate.org/dtd/hibernate-mapping-3.0.dtd">
<!-- 
    Mapping file autogenerated by MyEclipse Persistence Tools
-->
<hibernate-mapping>
    <class name="com.oacal.model.OacalActivityComment" table="oacal_activity_comment" catalog="oacal">
        <id name="commentId" type="java.lang.Integer">
            <column name="commentID" />
            <generator class="native"></generator>
        </id>
        <many-to-one name="oacalActivityComment" class="com.oacal.model.OacalActivityComment" fetch="select">
            <column name="replyCommentID" not-null="true" />
        </many-to-one>
        <property name="activityId" type="java.lang.Integer">
            <column name="activityID" not-null="true" />
        </property>
        <property name="userId" type="java.lang.Integer">
            <column name="userID" not-null="true" />
        </property>
        <property name="comment" type="java.lang.String">
            <column name="comment" length="500" />
        </property>
        <property name="dateTime" type="java.sql.Timestamp">
            <column name="dateTime" length="19" />
        </property>
        <set name="oacalActivityComments" inverse="true">
            <key>
                <column name="replyCommentID" not-null="true" />
            </key>
            <one-to-many class="com.oacal.model.OacalActivityComment" />
        </set>
    </class>
</hibernate-mapping>
