<?xml version="1.0" encoding="utf-8"?>
<!DOCTYPE hibernate-mapping PUBLIC "-//Hibernate/Hibernate Mapping DTD 3.0//EN"
"http://www.hibernate.org/dtd/hibernate-mapping-3.0.dtd">
<!-- 
    Mapping file autogenerated by MyEclipse Persistence Tools
-->
<hibernate-mapping>
    <class name="com.oacal.model.OacalActivityImage" table="oacal_activity_image" catalog="oacal">
        <id name="imgId" type="java.lang.Integer">
            <column name="imgID" />
            <generator class="native"></generator>
        </id>
        <property name="activityId" type="java.lang.Integer">
            <column name="activityID" not-null="true" />
        </property>
        <property name="imgName" type="java.lang.String">
            <column name="imgName" length="45" />
        </property>
        <property name="img" type="java.lang.String">
            <column name="img" />
        </property>
        <property name="uploadTime" type="java.sql.Timestamp">
            <column name="uploadTime" length="19" />
        </property>
        <property name="description" type="java.lang.String">
            <column name="description" length="200" />
        </property>
        <property name="privacyType" type="java.lang.Integer">
            <column name="privacyType" not-null="true" />
        </property>
        <property name="grantedLoginIdlist" type="java.lang.String">
            <column name="grantedLoginIDList" length="1000" />
        </property>
    </class>
</hibernate-mapping>
