<?xml version="1.0" encoding="UTF-8"?>
<beans
	xmlns="http://www.springframework.org/schema/beans"
	xmlns:xsi="http://www.w3.org/2001/XMLSchema-instance"
	xmlns:p="http://www.springframework.org/schema/p"
	xmlns:aop="http://www.springframework.org/schema/aop"
	xmlns:tx="http://www.springframework.org/schema/tx"
	xsi:schemaLocation="http://www.springframework.org/schema/beans
				http://www.springframework.org/schema/beans/spring-beans-3.1.xsd
				http://www.springframework.org/schema/context
				http://www.springframework.org/schema/context/spring-context-3.1.xsd
				http://www.springframework.org/schema/aop
				http://www.springframework.org/schema/aop/spring-aop.xsd
				http://www.springframework.org/schema/tx
				http://www.springframework.org/schema/tx/spring-tx.xsd">


	<bean id="dataSource"
		class="org.apache.commons.dbcp.BasicDataSource" destroy-method="close">
		<property name="driverClassName" value="com.mysql.jdbc.Driver"/> 
		<property name="url"
			value="jdbc:mysql://127.0.0.1:3306/oacal">
		</property>
		<property name="username" value="root"></property>
		<property name="password" value="oacal.com0906"></property>
	</bean>
	<bean id="sessionFactory"
		class="org.springframework.orm.hibernate4.LocalSessionFactoryBean">
		<property name="dataSource">
			<ref bean="dataSource" />
		</property>
		<property name="hibernateProperties">
			<props>
				<prop key="hibernate.dialect">
					org.hibernate.dialect.MySQLDialect
				</prop>
				<prop key="hibernate.current_session_context_class">
					org.springframework.orm.hibernate4.SpringSessionContext
				</prop>
				<prop key="hibernate.cache.provider_class">
					net.sf.ehcache.hibernate.EhCacheProvider
				</prop>
				<prop key="hibernate.cache.region.factory_class">
					org.hibernate.cache.ehcache.EhCacheRegionFactory
				</prop>
				<prop key="jdbc.use_scrollable_resultset">false</prop>
			</props>
		</property>
		<property name="mappingResources">
			<list>
				<value>com/oacal/model/OacalUser.hbm.xml</value>
				<value>com/oacal/model/OacalActivities.hbm.xml</value>
				<value>com/oacal/model/OacalLocation.hbm.xml</value>
				<value>com/oacal/model/OacalFriendGroup.hbm.xml</value>
				<value>com/oacal/model/OacalCare.hbm.xml</value>
				<value>com/oacal/model/OacalAttend.hbm.xml</value>
				<value>com/oacal/model/OacalInvite.hbm.xml</value>
				<value>com/oacal/model/OacalVisit.hbm.xml</value>
				<value>com/oacal/model/OacalMood.hbm.xml</value>
				<value>com/oacal/model/OacalUniversity.hbm.xml</value>
				<value>com/oacal/model/OacalSchool.hbm.xml</value>
				<value>com/oacal/model/OacalUserInfo.hbm.xml</value>
				<value>com/oacal/model/OacalUserEdu.hbm.xml</value>
				<value>
					com/oacal/model/OacalPersonalinfoPrivacy.hbm.xml
				</value>
				<value>com/oacal/model/OacalMoodComment.hbm.xml</value>
				<value>com/oacal/model/OacalMessage.hbm.xml</value>
				<value>com/oacal/model/OacalImageComment.hbm.xml</value>
				<value>com/oacal/model/OacalHeadportrait.hbm.xml</value>
				<value>
					com/oacal/model/OacalFriendlistPrivacy.hbm.xml
				</value>
				<value>
					com/oacal/model/OacalCalendarPrivacy.hbm.xml
				</value>
				<value>com/oacal/model/OacalAttendImage.hbm.xml</value>
				<value>
					com/oacal/model/OacalActivityImage.hbm.xml
				</value>
				<value>
					com/oacal/model/OacalActivityComment.hbm.xml
				</value></list>
		</property>
	</bean>
	
	<bean id="OacalUserDAO" class="com.oacal.dao.impl.OacalUserDAO">
		<property name="sessionFactory" ref="sessionFactory" />
	</bean>
	<bean id="OacalActivitiesDAO" class="com.oacal.dao.impl.OacalActivitiesDAO">
    	<property name="sessionFactory" ref="sessionFactory" />
    	<property name="userDAO" ref="OacalUserDAO" />
    	<property name="careDAO" ref="OacalCareDAO" />
    </bean>
    <bean id="OacalLocationDAO" class="com.oacal.dao.impl.OacalLocationDAO">
    	<property name="sessionFactory" ref="sessionFactory" />
    </bean>
    <bean id="OacalFriendGroupDAO" class="com.oacal.dao.impl.OacalFriendGroupDAO">
    	<property name="sessionFactory" ref="sessionFactory" />
    	<property name="userDAO" ref="OacalUserDAO" />
    </bean>
    <bean id="OacalCareDAO" class="com.oacal.dao.impl.OacalCareDAO">
    	<property name="sessionFactory" ref="sessionFactory" />
    	<property name="userDAO" ref="OacalUserDAO" />
    </bean>
    <bean id="OacalAttendDAO" class="com.oacal.dao.impl.OacalAttendDAO">
    	<property name="sessionFactory" ref="sessionFactory" />
    	<property name="userDAO" ref="OacalUserDAO" />
    	<property name="careDAO" ref="OacalCareDAO" />
    </bean>
    <bean id="OacalInviteDAO" class="com.oacal.dao.impl.OacalInviteDAO">
    	<property name="sessionFactory" ref="sessionFactory" />
    </bean>
    <bean id="OacalVisitDAO" class="com.oacal.dao.impl.OacalVisitDAO">
    	<property name="sessionFactory" ref="sessionFactory" />
    </bean>
    <bean id="OacalMoodDAO" class="com.oacal.dao.impl.OacalMoodDAO">
    	<property name="sessionFactory" ref="sessionFactory" />
    </bean>
    <bean id="OacalUniversityDAO" class="com.oacal.dao.impl.OacalUniversityDAO">
    	<property name="sessionFactory" ref="sessionFactory" />
    </bean>
    <bean id="OacalSchoolDAO" class="com.oacal.dao.impl.OacalSchoolDAO">
    	<property name="sessionFactory" ref="sessionFactory" />
    </bean>
    <bean id="OacalUserInfoDAO" class="com.oacal.dao.impl.OacalUserInfoDAO">
    	<property name="sessionFactory" ref="sessionFactory" />
    </bean>
    <bean id="OacalUserEduDAO" class="com.oacal.dao.impl.OacalUserEduDAO">
    	<property name="sessionFactory" ref="sessionFactory" />
    </bean>
    <bean id="OacalPersonalinfoPrivacyDAO" class="com.oacal.dao.impl.OacalPersonalinfoPrivacyDAO">
    	<property name="sessionFactory" ref="sessionFactory" />
    	<property name="userDAO" ref="OacalUserDAO" />
    	<property name="careDAO" ref="OacalCareDAO" />
    </bean>
    <bean id="OacalMoodCommentDAO" class="com.oacal.dao.impl.OacalMoodCommentDAO">
    	<property name="sessionFactory" ref="sessionFactory" />
    </bean>
    <bean id="OacalMessageDAO" class="com.oacal.dao.impl.OacalMessageDAO">
    	<property name="sessionFactory" ref="sessionFactory" />
    </bean>
    <bean id="OacalImageCommentDAO" class="com.oacal.dao.impl.OacalImageCommentDAO">
    	<property name="sessionFactory" ref="sessionFactory" />
    </bean>
    <bean id="OacalHeadportraitDAO" class="com.oacal.dao.impl.OacalHeadportraitDAO">
    	<property name="sessionFactory" ref="sessionFactory" />
    </bean>
    <bean id="OacalFriendlistPrivacyDAO" class="com.oacal.dao.impl.OacalFriendlistPrivacyDAO">
    	<property name="sessionFactory" ref="sessionFactory" />
    	<property name="userDAO" ref="OacalUserDAO" />
    	<property name="careDAO" ref="OacalCareDAO" />
    </bean>
    <bean id="OacalCalendarPrivacyDAO" class="com.oacal.dao.impl.OacalCalendarPrivacyDAO">
    	<property name="sessionFactory" ref="sessionFactory" />
    	<property name="userDAO" ref="OacalUserDAO" />
    	<property name="careDAO" ref="OacalCareDAO"/>
    </bean>
    <bean id="OacalAttendImageDAO" class="com.oacal.dao.impl.OacalAttendImageDAO">
    	<property name="sessionFactory" ref="sessionFactory" />
    	<property name="userDAO" ref="OacalUserDAO" />
    	<property name="careDAO" ref="OacalCareDAO" />
    </bean>
    <bean id="OacalActivityImageDAO" class="com.oacal.dao.impl.OacalActivityImageDAO">
    	<property name="sessionFactory" ref="sessionFactory" />
    	<property name="userDAO" ref="OacalUserDAO" />
    	<property name="careDAO" ref="OacalCareDAO" />
    </bean>
    <bean id="OacalActivityCommentDAO" class="com.oacal.dao.impl.OacalActivityCommentDAO">
    	<property name="sessionFactory" ref="sessionFactory" />
    </bean>
    
    
	<bean id="userService" class="com.oacal.service.UserService">
		<property name="userDAO" ref="OacalUserDAO" />
		<property name="friendGroupDAO" ref="OacalFriendGroupDAO"/>
		<property name="userPrivacyService" ref="userPrivacyService" />
	</bean>
	<bean id="activityService" class="com.oacal.service.ActivityService">
		<property name="activitiesDAO" ref="OacalActivitiesDAO" />
		<property name="calendarPrivacyDAO" ref="OacalCalendarPrivacyDAO" />
		<property name="attendDAO" ref="OacalAttendDAO" />
	</bean>
	<bean id="friendGroupService" class="com.oacal.service.FriendGroupService">
		<property name="friendGroupDAO" ref="OacalFriendGroupDAO" />
		<property name="careDAO" ref="OacalCareDAO" />
	</bean>
	<bean id="careService" class="com.oacal.service.CareService">
		<property name="careDAO" ref="OacalCareDAO" />
	</bean>
	<bean id="userPrivacyService" class="com.oacal.service.UserPrivacyService">
		<property name="friendlistPrivacyDAO" ref="OacalFriendlistPrivacyDAO" />
		<property name="calendarPrivacyDAO" ref="OacalCalendarPrivacyDAO"/>
		<property name="personalInfoPrivacyDAO" ref="OacalPersonalinfoPrivacyDAO" />
	</bean>
	
	
	
	<bean id="loginAction" class="com.oacal.web.action.Login2Action" scope="prototype">
		<property name="userService" ref="userService" />
	</bean>
	<bean id="userAction" class="com.oacal.web.action.UserAction" scope="prototype">
		<property name="userService" ref="userService" />
		<property name="friendGroupService" ref="friendGroupService"/>
		<property name="userPrivacyService" ref="userPrivacyService"/>
		<property name="careService" ref="careService" />
	</bean>
	<bean id="activityAction" class="com.oacal.web.action.Activity2Action" scope="prototype">
		<property name="activityService" ref="activityService" />
	</bean>
	<bean id="careAction" class="com.oacal.web.action.CareAction" scope="prototype">
		<property name="careService" ref="careService" />
		<property name="userPrivacyService" ref="userPrivacyService" />
		<property name="friendGroupService" ref="friendGroupService" />
		<property name="userService" ref="userService" />
	</bean>
	<bean id="attendAction" class="com.oacal.web.action.AttendAction" scope="prototype">
	    <property name="activityService" ref="activityService" />
	</bean>
	

	<bean id="transactionManager" class="org.springframework.orm.hibernate4.HibernateTransactionManager">
		<property name="sessionFactory" ref="sessionFactory"/>
	</bean>

<!--  
	<tx:advice id="baseServiceAdvice" transaction-manager="transactionManager">
		<tx:attributes>
			<tx:method name="get*" read-only="true" propagation="REQUIRED"/>
			<tx:method name="find*" read-only="true" propagation="REQUIRED"/>
			<tx:method name="save*" propagation="REQUIRED"/>
			<tx:method name="update*" propagation="REQUIRED"/>
			<tx:method name="remove*" propagation="REQUIRED"/>
			<tx:method name="del*" propagation="REQUIRED"/>
			<tx:method name="apply*" propagation="REQUIRED"/>
			<tx:method name="add*" propagation="REQUIRED"/>
			<tx:method name="*"/>
			</tx:attributes>
	</tx:advice>
	<aop:config>
		<aop:pointcut id="allManagedTxMethod"
            expression="execution(* com.oacal.service.*.*(..))" />
        <aop:advisor advice-ref="baseServiceAdvice"
            pointcut-ref="allManagedTxMethod" />        
    </aop:config>
-->

	<!--  
    <bean id="transactionInterceptor"
    	class="org.springframework.transaction.interceptor.TransactionInterceptor"> 
    	<property name="transactionManager">
    		<ref bean="transactionManager" />
    	</property>
    	<property name="transactionAttributeSource"><ref bean="defaultTxAttributes"/></property> 
    </bean>
    
    <bean id="defaultTxAttributes"
    	class="org.springframework.transaction.interceptor.NameMatchTransactionAttributeSource">
    	<property name="properties">
    		<props>
    			<prop key="create*">PROPAGATION_REQUIRED</prop>
    			<prop key="del*">PROPAGATION_REQUIRED</prop>
    			<prop key="remove*">PROPAGATION_REQUIRED</prop>
    			<prop key="add*">PROPAGATION_REQUIRED</prop>
    			<prop key="save*">PROPAGATION_REQUIRED</prop>
    			<prop key="update*">PROPAGATION_REQUIRED</prop>
    			<prop key="apply*">PROPAGATION_REQUIRED</prop>
    			<prop key="modify*">PROPAGATION_REQUIRED</prop>
    			<prop key="register*">PROPAGATION_REQUIRED</prop>
    			<prop key="find*">PROPAGATION_REQUIRED,readOnly</prop>
    			<prop key="*">PROPAGATION_REQUIRED,readOnly</prop>
    		</props>
    	</property>
    </bean>
    -->
    
    <!--  
    <bean id="InvoiceTxAttributes"
    	class="org.springframework.transaction.interceptor.NameMatchTransactionAttributeSource">
    	<property name="properties">
			<props>
				<prop key="create*">PROPAGATION_REQUIRED</prop>
				<prop key="delete*">PROPAGATION_REQUIRED</prop>
				<prop key="update*">PROPAGATION_REQUIRED</prop>
				<prop key="cancel*">PROPAGATION_REQUIRED</prop>
				<prop key="accountIn">PROPAGATION_REQUIRED</prop>
				<prop key="accountOut">PROPAGATION_REQUIRED</prop>
				<prop key="*">PROPAGATION_SUPPORTS</prop>
			</props>
		</property>
	</bean>
    -->
    
    <!-- 配置事务特性 -->  
    <tx:advice id="txAdvice" transaction-manager="transactionManager">
    	<tx:attributes>
    		<tx:method name="exists" read-only="true" />   
    		<tx:method name="save*" propagation="REQUIRED" />     
        	<tx:method name="add*" propagation="REQUIRED" />
        	<tx:method name="register*" propagation="REQUIRED" />   
        	<tx:method name="create*" propagation="REQUIRED" />     
        	<tx:method name="insert*" propagation="REQUIRED" />     
        	<tx:method name="update*" propagation="REQUIRED" />     
        	<tx:method name="merge*" propagation="REQUIRED" />     
        	<tx:method name="del*" propagation="REQUIRED" />     
        	<tx:method name="remove*" propagation="REQUIRED" /> 
        	<tx:method name="revoke*" propagation="REQUIRED" />
        	<tx:method name="move" propagation="REQUIRED" />    
        	<tx:method name="put*" propagation="REQUIRED" />
        	<tx:method name="modifiy*" propagation="REQUIRED" />
        	<tx:method name="cancel*" propagation="REQUIRED" />
        	<tx:method name="reject*" propagation="REQUIRED" />      
        	<!-- <tx:method name="use*" propagation="REQUIRED"/> -->     
        	<!-- hibernate4必须配置为开启事务 否则 getCurrentSession()获取不到    -->  
        	<!-- <tx:method name="get*" propagation="REQUIRED" />      
        	<tx:method name="count*" propagation="REQUIRED" read-only="true" />     
        	<tx:method name="find*" propagation="REQUIRED" read-only="true" />     
        	<tx:method name="list*" propagation="REQUIRED" read-only="true" /> -->   
         	<!-- <tx:method name="*" propagation="REQUIRED" /> -->
         </tx:attributes>
	</tx:advice>
	
	<!-- 配置哪些类的方法进行事务管理 -->
	<aop:config proxy-target-class="true">
		<aop:pointcut id="bussinessService" expression="execution(* com.oacal.service.*.*(..))" />
		<aop:advisor pointcut-ref="bussinessService" advice-ref="txAdvice" />  
	</aop:config>
	<aop:config proxy-target-class="true">
		<aop:pointcut id="dao" expression="execution(* com.oacal.dao.*.*(..))" />
		<aop:advisor pointcut-ref="dao" advice-ref="txAdvice" />
	</aop:config>
    
	<!-- 自动代理 
	<bean id="autoProxyCreator"
		class="org.springframework.aop.framework.autoproxy.DefaultAdvisorAutoProxyCreator" />
	<bean id="regexpMethodPointcutAdvisor"
		class="org.springframework.aop.support.RegexpMethodPointcutAdvisor">
		<property name="advice">
			<ref bean="OacalUserDAO" />
		</property>
		<property name="patterns">
			<list>
				<value>.*del*</value>
				<value>.*remove*</value>
				<value>.*add*</value>
				<value>.*update*</value>
				<value>.*save*</value>
				<value>.*apply*</value>
				<value>.*modify*</value>
				<value>.*register*</value>
			</list>
		</property>
	</bean>
	-->
	
	
	<!-- 名称匹配的自动代理创建器  可以增加其他的拦截器
    <bean name="beanNameAutoProxyCreator"
    	class="org.springframework.aop.framework.autoproxy.BeanNameAutoProxyCreator"> 
    	<property name="beanNames">
    		<value>*DAO,*Service</value>
    	</property> 
    	<property name="interceptorNames"> 
    		<list>
    		<value>transactionInterceptor</value> 
            </list> 
        </property> 
    </bean>
    -->
    
    <!-- 名称匹配的自动代理创建器 
    <bean class="org.springframework.web.servlet.mvc.method.annotation.RequestMappingHandlerAdapter">  
    	<property name="messageConverters">
    		<list>
    			<bean class="org.springframework.http.converter.StringHttpMessageConverter">
    				<property name="supportedMediaTypes">
    					<list>
    						<value>text/plain;charset=UTF-8</value>
    					</list>
    				</property> 
    			</bean>
    			<bean class="org.springframework.http.converter.json.MappingJacksonHttpMessageConverter">
    				<property name="supportedMediaTypes">
    					<list>
    						<value>text/plain;charset=UTF-8</value>
    						<value>application/json;charset=UTF-8</value>
    					</list>
    				</property>
    			</bean>
    		</list>
    	</property>
    </bean>
   -->
</beans>